{
	"planets":{
		"earth" : {
			"x" : 1.391734353396533e8, 
			"y" : -0.571059040560652e8, 
			"vx": 10.801963811159256,  
			"vy": 27.565215006898345,  
			"m" : 5.972e24,
			"r" : 6371.0 
		},
		"mars" : {
			"x" : 0.831483493435295e8,
			"y" : -1.914579540822006e8,
			"vx": 23.637912321314047, 
			"vy": 11.429021426712032,
			"m" : 6.4185e23,
			"r" : 3389.9 
		},
		"sun" : {
			"x" : 0.0, 
			"y" : 0.0, 
			"vx": 0.0, 
			"vy": 0.0, 
			"m" : 1.988e30, 
			"r" : 695700.0 
		}
	},
	"dt": 1,
	"tf": 1500
}